,cat,id
0,0,121287
1,0,5304908
2,0,5805573
3,0,6242713
4,0,7831474
5,0,8856914
6,0,8877488
7,0,12323925
8,0,13093646
9,0,13249687
10,0,17281281
11,0,17859071
12,0,18001422
13,0,18001591
14,0,20847606
15,0,20944184
16,0,22747960
17,0,29429535
18,0,30401702
19,0,33463213
20,0,35123931
21,0,35187671
22,0,36925618
23,0,37058381
24,0,41415832
25,0,51808448
26,0,51809554
27,0,58587589
28,0,60851719
29,0,60861829
30,0,61028690
31,0,61783861
32,0,62652636
33,0,64316720
34,0,66190466
35,0,67557602
36,0,71622184
37,0,73305032
38,0,73308314
39,0,74462479
40,0,79557871
41,0,82258173
42,0,83173731
43,0,101027451
44,0,104340052
45,0,105069002
46,0,106627139
47,0,107924008
48,0,112250183
49,0,120222295
50,0,120355876
51,0,125137333
52,0,127343676
53,0,127919550
54,0,132449921
55,0,132608843
56,0,134096006
57,0,134139531
58,0,139705700
59,0,152454768
60,0,152612138
61,0,152634075
62,0,160921908
63,0,161001421
64,0,161234665
65,0,161235903
66,0,163792570
67,0,165482612
68,0,168526859
69,0,170381184
70,0,176968145
71,0,176968194
72,0,185640212
73,0,186267375
74,0,186845348
75,0,186846080
76,0,186848538
77,0,186855053
78,0,188175455
79,0,190618975
80,0,193556714
81,0,196862040
82,0,199302906
83,0,200095226
84,0,200885086
85,0,201091177
86,0,201937554
87,0,203811806
88,0,204016993
89,0,206770296
90,0,212379662
91,0,214043772
92,0,214043868
93,0,215330492
94,0,215331210
95,0,219344023
96,0,224025714
97,0,232806675
98,0,235750736
99,0,235751478
100,0,235791383
101,0,238258721
102,0,241088351
103,0,241426504
104,0,243009678
105,0,247478775
106,0,253472036
107,0,253472039
108,0,253472043
109,0,259098584
110,0,259099109
111,0,259099335
112,0,260890209
113,0,260890319
114,0,261447947
115,0,263468981
116,0,264714507
117,0,266002165
118,0,266030483
119,0,269804912
120,0,272050198
121,0,274016802
122,0,275334810
123,0,275746253
124,0,276746846
125,0,277607133
126,0,278294299
127,0,279074616
128,0,279120973
129,0,279123265
130,0,279357449
131,0,279370545
132,0,280232188
133,0,280811332
134,0,281660455
135,0,282049549
136,0,286485147
137,0,296625664
138,0,301934772
139,0,310314764
140,0,310316985
141,0,310418376
142,0,312217285
143,0,312217490
144,0,316180166
145,0,317279993
146,0,319804827
147,0,320501936
148,0,324049716
149,0,325621026
150,0,333364087
151,0,341896051
152,0,347468126
153,0,358134959
154,0,362240935
155,0,364418188
156,0,366137980
157,0,366664173
158,0,368272556
159,0,370073528
160,0,372558055
161,0,372559768
162,0,388259649
163,0,388609327
164,0,389113214
165,0,389587637
166,0,389596063
167,0,390636713
168,0,393500507
169,0,394141967
170,0,395456617
171,0,395952064
172,0,396154369
173,0,397744450
174,0,398270171
175,0,399089628
176,0,401020241
177,0,402251475
178,0,402494243
179,0,403428340
180,0,405786084
181,0,407298470
182,0,409077663
183,0,414669943
184,0,415287100
185,0,415287109
186,0,417353178
187,0,417896491
188,0,419605552
189,0,423134397
190,0,423352819
191,0,430703137
192,0,430732996
193,0,431905557
194,0,432157391
195,0,432268840
196,0,432426407
197,0,432441818
198,0,433040879
199,0,433866509
200,0,434185794
201,0,436806773
202,0,443084231
203,0,445067476
204,0,446214121
205,0,446255529
206,0,446388955
207,0,447616340
208,0,447858035
209,0,448307457
210,0,448900805
211,0,451820099
212,0,454996072
213,0,455990528
214,0,458419296
215,0,462280734
216,0,462580438
217,0,465183235
218,0,466013737
219,0,466352647
220,0,466382297
221,0,466625034
222,0,466861459
223,0,467636166
224,0,468352962
225,0,468410194
226,0,468571107
227,0,468987588
228,0,469458652
229,0,470592898
230,0,472550711
231,0,472554290
232,0,473824824
233,0,474051834
234,0,476905693
235,0,480436422
236,0,480710500
237,0,481801474
238,0,481898140
239,0,483152861
240,0,483750327
241,0,484335704
242,0,484556020
243,0,484556139
244,0,485282774
245,0,485788994
246,0,492155546
247,0,492977571
248,0,493150917
249,0,494768340
250,0,495151461
251,0,495957959
252,0,497082508
253,0,497555316
254,0,498821839
255,0,500450141
256,0,503217028
257,0,506721011
258,0,508692325
259,0,509245763
260,0,509452654
261,0,511028665
262,0,512358376
263,0,512630213
264,0,513735172
265,0,513801920
266,0,513803520
267,0,514825080
268,0,515139247
269,0,521289317
270,0,522253938
271,0,526256785
272,0,530927437
273,0,533377487
274,0,533792681
275,0,535403349
276,0,539666589
277,0,542771794
278,0,544836293
279,0,550995361
280,0,553890370
281,0,554192829
282,0,557220216
283,0,558422209
284,0,558623293
285,0,563858286
286,0,564098949
287,0,564198702
288,0,565730054
289,0,565786718
290,0,567747849
291,0,569104452
292,0,572775088
293,0,575013721
294,0,576582186
295,0,577546743
296,0,579111613
297,0,580709567
298,0,580723164
299,0,581613076
300,0,582637519
301,0,585285475
302,0,585912204
303,0,586181686
304,0,586477862
305,0,590245569
306,0,593912106
307,0,595903937
308,0,599863651
309,0,600642188
310,0,603350754
311,0,605694924
312,0,610433986
313,0,614951054
314,0,618049972
315,0,618197363
316,0,620917859
317,0,622801964
318,0,622807040
319,0,622910491
320,0,624210903
321,0,626918106
322,0,636625003
323,0,636628855
324,0,640463677
325,0,641312011
326,0,642121497
327,0,642660987
328,0,644901086
329,0,646119970
330,0,646478210
331,0,646652786
332,0,651673993
333,0,651954507
334,0,663659076
335,0,665963520
336,0,666205075
337,0,666214478
338,0,666487610
339,0,667977861
340,0,668453866
341,0,669309349
342,0,669941211
343,0,669952959
344,0,669954044
345,0,670236956
346,0,673714144
347,0,673716059
348,0,673718753
349,0,673718890
350,0,673719009
351,0,675368174
352,0,676698754
353,0,677735914
354,0,677788098
355,0,684475852
356,0,684855124
357,0,684855229
358,0,684856192
359,0,686232089
360,0,686234559
361,0,686347477
362,0,687196358
363,0,688282122
364,0,689411600
365,0,689413756
366,0,690602268
367,0,690602272
368,0,690695959
369,0,690943166
370,0,691014449
371,0,695018527
372,0,701243899
373,0,702291782
374,0,702637589
375,0,702638243
376,0,707509504
377,0,710576875
378,0,714971799
379,0,715771595
380,0,719062814
381,0,720719914
382,0,721577184
383,0,724814734
384,0,725072391
385,0,726127545
386,0,726416649
387,0,726439770
388,0,727337707
389,0,727400763
390,0,729382090
391,0,729400931
392,0,729402085
393,0,729419779
394,0,729445685
395,0,729446105
396,0,729446993
397,0,729983682
398,0,736846768
399,0,738529434
400,0,738529488
401,0,738542266
402,0,738612392
403,0,738615819
404,0,738615828
405,0,738615833
406,0,738728472
407,0,741974026
408,0,743670385
409,0,743930494
410,0,745955374
411,0,748688471
412,0,750093247
413,0,753886523
414,0,755816846
415,0,758955230
416,0,759514630
417,0,759545282
418,0,761036020
419,0,761667198
420,0,763148391
421,0,765606582
422,0,767209629
423,0,768623405
424,0,769540195
425,0,769691400
426,0,770228065
427,0,774910717
428,0,776067655
429,0,776072927
430,0,776244771
431,0,776244925
432,0,780609394
433,0,782174843
434,0,785058904
435,0,788373700
436,0,797225414
437,0,797486588
438,0,799438392
439,0,802211838
440,0,806372873
441,0,806376182
442,0,806383146
443,0,812094170
444,0,813583950
445,0,816108303
446,0,821017949
447,0,822794787
448,0,827203122
449,0,829402156
450,0,831674149
451,0,832656755
452,0,832677367
453,0,832706759
454,0,835462058
455,0,836481388
456,0,836659086
457,0,836858071
458,0,839274187
459,0,839518803
460,0,842504880
461,0,843189841
462,0,844185496
463,0,844502574
464,0,844598010
465,0,845489024
466,0,846347080
467,0,846709376
468,0,847753655
469,0,849915154
470,0,850242343
471,0,851914015
472,0,851914332
473,0,851916662
474,0,852081613
475,0,852333586
476,0,859523353
477,0,866006903
478,0,866942020
479,0,866943160
480,0,866943642
481,0,870549390
482,0,871346083
483,0,872455861
484,0,873789722
485,0,873824502
486,0,873970464
487,0,875187359
488,0,875666784
489,0,875996455
490,0,877223771
491,0,877922112
492,0,878591351
493,0,878963733
494,0,879518087
495,0,879518089
496,0,880137545
497,0,880931033
498,0,880971043
499,0,882148575
500,0,884388708
501,0,891339888
502,0,895401572
503,0,895451762
504,0,895855126
505,0,896548773
506,0,903111179
507,0,903498424
508,0,905137490
509,0,905777843
510,0,906269404
511,0,909214432
512,0,911346768
513,0,912142404
514,0,913875185
515,0,914957966
516,0,917155201
517,0,920768421
518,0,920770331
519,0,920770347
520,0,922078673
521,0,925263996
522,0,933411869
523,0,937090073
524,0,937606415
525,0,939718247
526,0,939797655
527,0,940787269
528,0,940923144
529,0,940928867
530,0,941020539
531,0,941812437
532,0,942102585
533,0,942121830
534,0,942606288
535,0,942799051
536,0,944134034
537,0,944363526
538,0,944862746
539,0,945501958
540,0,945893995
541,0,947272055
542,0,951761414
543,0,955380058
544,0,956017401
545,0,956019335
546,0,956019631
547,0,956025133
548,0,957451566
549,0,957561421
550,0,959940632
551,0,961732069
552,0,965822995
553,0,965823013
554,0,965826407
555,0,965889093
556,0,966965710
557,0,967242063
558,0,967647324
559,0,968486218
560,0,968487748
561,0,970140071
562,0,980221226
563,0,980224032
564,0,980764222
565,0,980878540
566,0,981218796
567,0,983342241
568,0,984631550
569,0,985313338
570,0,986814087
571,0,990563658
572,0,990628509
573,0,992230414
574,0,992992786
575,0,994631851
576,0,995454191
577,0,998779775
578,0,999473741
579,0,1000053826
580,0,1000528624
581,0,1002484603
582,0,1003787533
583,0,1004086948
584,0,1006666756
585,0,1007555670
586,0,1007790455
587,0,1007967206
588,0,1008117002
589,0,1009444620
590,0,1009657960
591,0,1009662427
592,0,1009662837
593,0,1009844598
594,0,1010310510
595,0,1010401032
596,0,1010420654
597,0,1013538810
598,0,1017314981
599,0,1017315005
600,0,1020556072
601,0,1021055793
602,0,1021837216
603,0,1022157988
604,0,1026463455
605,0,1026464416
606,0,1029237131
607,0,1029911318
608,0,1032082302
609,0,1032757534
610,0,1033208678
611,0,1035390002
612,0,1035704600
613,0,1037044638
614,0,1037079921
615,0,1037455256
616,0,1040129871
617,0,1040870938
618,0,1041035685
619,0,1042797995
620,0,1048076551
621,0,1048076612
622,0,1048961281
623,0,1050116560
624,0,1050485042
625,0,1050489922
626,0,1051371040
627,0,1051533352
628,0,1051533660
629,0,1051640082
630,0,1053075738
631,0,1053076161
632,0,1053982518
633,0,1054059515
634,0,1054220435
635,0,1054222358
636,0,1054381266
637,0,1054819660
638,0,1055156452
639,0,1055739339
640,0,1060265041
641,0,1060311490
642,0,1060485967
643,0,1062193693
644,0,1062202650
645,0,1062268401
646,0,1066288531
647,0,1066613272
648,0,1069580227
649,0,1070375935
650,0,1070903599
651,0,1071143547
652,0,1071287565
653,0,1072211488
654,0,1072253222
655,0,1072437919
656,0,1072769984
657,0,1073427738
658,0,1073939543
659,0,1075461029
660,0,1076436019
661,0,1076505788
662,0,1076517070
663,0,1076604659
664,0,1076925722
665,0,1077252282
666,0,1078578044
667,0,1083002636
668,0,1083876024
669,0,1086840294
670,0,1090913804
671,0,1090963162
672,0,1092740784
673,0,1093746689
674,0,1094021700
675,0,1096765533
676,0,1097945859
677,0,1099959208
678,0,1103673876
679,0,1104177339
680,0,1105634967
681,0,1107534867
682,0,1107710490
683,0,1107721847
684,0,1107724271
685,0,1107724282
686,0,1109822932
687,0,1110779339
688,0,1112458624
689,0,1112602735
690,0,1113522536
691,0,1113692011
692,0,1116331205
693,0,1117653874
694,0,1118176804
695,0,1119467771
696,0,1119515375
697,0,1120256450
698,0,1121086713
699,0,1121135509
700,0,1121692776
701,0,1124513392
702,0,1128897832
703,0,1129267097
704,0,1130045342
705,0,1130174185
706,0,1134749052
707,0,1136906039
708,0,1137562846
709,0,1139023569
710,0,1139744224
711,0,1140738449
712,0,1141318888
713,0,1142205429
714,0,1142331336
715,0,1143721986
716,0,1145044205
717,0,1147641210
718,0,1149178877
719,0,1149831704
720,0,1150270288
721,0,1150271916
722,0,1150273719
723,0,1151499193
724,0,1151971105
725,0,1152479847
726,0,1153174628
727,0,1156794461
728,0,1157219868
729,0,1158547525
730,0,1159932556
731,0,1160543661
732,0,1160574628
733,0,1161146572
734,0,1166852245
735,0,1169242965
736,0,1172721547
737,0,1173304948
738,0,1174121270
739,0,1178645494
740,0,1178860724
741,0,1178926736
742,0,1179463745
743,0,1181285444
744,0,1182973846
745,0,1183290134
746,0,1183328137
747,0,1183527208
748,0,1185036551
749,0,1187433151
750,0,1187956634
751,0,1188469584
752,0,1188864912
753,0,1191015290
754,0,1191015492
755,0,1191382598
756,0,1194710533
757,0,1198268585
758,0,1198269953
759,0,1199537179
760,0,1199569890
761,0,1199922626
762,0,1202916865
763,0,1203012798
764,0,1203350414
765,0,1203430078
766,0,1203481320
767,0,1203658726
768,0,1204705685
769,0,1205995594
770,0,1206203584
771,0,1206717745
772,0,1206864477
773,0,1207016071
774,0,1207100041
775,0,1207629059
776,0,1208182966
777,0,1208701976
778,0,1212401041
779,0,1212908377
780,0,1215301660
781,0,1215304328
782,0,1215324135
783,0,1217698024
784,0,1217699736
785,0,1218172031
786,0,1221036492
787,0,1222306218
788,0,1224784315
789,0,1225624762
790,0,1226725159
791,0,1229186084
792,0,1229619266
793,0,1233391851
794,0,1234692630
795,0,1235538739
796,0,1236188815
797,0,1236263022
798,0,1238558035
799,0,1239367474
800,0,1239369046
801,0,1239960391
802,0,1241010396
803,0,1242476476
804,0,1243080228
805,0,1248715784
806,0,1248906317
807,0,1249009262
808,0,1249491177
809,0,1250543819
810,0,1253472953
811,0,1255313526
812,0,1256116312
813,0,1256973694
814,0,1257007649
815,0,1257049076
816,0,1257050020
817,0,1257675258
818,0,1259736371
819,0,1260381285
820,0,1261284005
821,0,1262316010
822,0,1267604404
823,0,1268179790
824,0,1268487108
825,0,1271701664
826,0,1273732589
827,0,1278743761
828,0,1281573118
829,0,1285549386
830,0,1286314603
831,0,1295178071
832,0,1299342178
833,0,1304383876
834,0,1304637633
835,0,1305365098
836,0,1305751554
837,0,1308087879
838,0,1308598067
839,0,1314736771
840,0,1316464509
841,0,1316761231
842,0,1317734623
843,0,1319338967
844,0,1320602138
845,0,1321704876
846,0,1322753459
847,0,1324707381
848,0,1325694761
849,0,1327711350
850,0,1327722369
851,0,1328261917
852,0,1334299553
853,0,1339816162
854,0,1341293403
855,0,1341535876
856,0,1343800070
857,0,1346567542
858,0,1348248855
859,0,1349534033
860,0,1355093998
861,0,1359842695
862,0,1359970962
863,0,1360175886
864,0,1360179890
865,0,1360828921
866,0,1367510420
867,0,1367561486
868,0,1370833292
869,0,1376687780
870,0,1378032572
871,0,1378422477
872,0,1378422586
873,0,1379066795
874,0,1379790992
875,0,1379820817
876,0,1380746730
877,0,1385261366
878,0,1388968413
879,0,1389527962
880,0,1389528446
881,0,1389554402
882,0,1391809621
883,0,1393115601
884,0,1393118659
885,0,1393118890
886,0,1393743008
887,0,1393781559
888,0,1393782164
889,0,1393982722
890,0,1393983044
891,0,1394021065
892,0,1394251892
893,0,1395184166
894,0,1399191281
895,0,1401319847
896,0,1401460779
897,0,1405065032
898,0,1405666551
899,0,1406464667
900,0,1407344378
901,0,1408518566
902,0,1408561866
903,0,1409464549
904,0,1410175773
905,0,1411949618
906,0,1411956054
907,0,1412098434
908,0,1412634547
909,0,1412873019
910,0,1414521613
911,0,1414713418
912,0,1415669696
913,0,1416353566
914,0,1419678871
915,0,1423445369
916,0,1423521296
917,0,1424802216
918,0,1426530924
919,0,1428757445
920,0,1433726783
921,0,1433799175
922,0,1433860087
923,0,1433946054
924,0,1435548581
925,0,1437784446
926,0,1439987989
927,0,1443889275
928,0,1443889605
929,0,1447174736
930,0,1450491004
931,0,1453373556
932,0,1456811512
933,0,1458939712
934,0,1460849962
935,0,1461793667
936,0,1461807977
937,0,1461830108
938,0,1466060583
939,0,1467836110
940,0,1468266792
941,0,1468767568
942,0,1469203862
943,0,1471797729
944,0,1473727135
945,0,1474777902
946,0,1477287814
947,0,1477949656
948,0,1478288159
949,0,1480842962
950,0,1482300366
951,0,1483355079
952,0,1486886288
953,0,1487136473
954,0,1487221302
955,0,1487621972
956,0,1487889975
957,0,1492638724
958,0,1492639261
959,0,1493996286
960,0,1494369934
961,0,1494408080
962,0,1497941146
963,0,1499379331
964,0,1507404591
965,0,1507708452
966,0,1507834028
967,0,1507877650
968,0,1514641077
969,0,1515278628
970,0,1515376918
971,0,1516673927
972,0,1523472251
973,0,1523737106
974,0,1523806137
975,0,1523844757
976,0,1523977843
977,0,1523977979
978,0,1524422958
979,0,1524444880
980,0,1524552496
981,0,1524667748
982,0,1525449494
983,0,1528207794
984,0,1528627661
985,0,1529028559
986,0,1530473746
987,0,1541576865
988,0,1542045780
989,0,1542046251
990,0,1542046282
991,0,1545975976
992,0,1546670202
993,0,1546736888
994,0,1547669190
995,0,1547669221
996,0,1547924783
997,0,1549112690
998,0,1549158246
999,0,1549214483
1000,0,1552124152
1001,0,1553900503
1002,0,1554258525
1003,0,1556233715
1004,0,1556323561
1005,0,1557403625
1006,0,1558095073
1007,0,1561401369
1008,0,1562461978
1009,0,1563634452
1010,0,1569076892
1011,0,1570418122
1012,0,1572789168
1013,0,1572982579
1014,0,1583471047
1015,0,1583501669
1016,0,1584111424
1017,0,1584811006
1018,0,1585900975
1019,0,1586985603
1020,0,1588011498
1021,0,1590392481
1022,0,1595493614
1023,0,1595502794
1024,0,1598083374
1025,0,1601215364
1026,0,1601689180
1027,0,1606902205
1028,0,1608022730
1029,0,1609836556
1030,0,1610105260
1031,0,1611194585
1032,0,1613678896
1033,0,1613812057
1034,0,1614001064
1035,0,1621271477
1036,0,1622516855
1037,0,1622516872
1038,0,1627151558
1039,0,1635782818
1040,0,1637486088
1041,0,1637740519
1042,0,1640988708
1043,0,1642037420
1044,0,1642981096
1045,0,1643878116
1046,0,1644552386
1047,0,1644552465
1048,0,1645209755
1049,0,1647099597
1050,0,1647258774
1051,0,1647260667
1052,0,1647328490
1053,0,1648493324
1054,0,1649887223
1055,0,1649912014
1056,0,1649936633
1057,0,1650112635
1058,0,1650652066
1059,0,1650758181
1060,0,1650767699
1061,0,1650767711
1062,0,1650767787
1063,0,1651578397
1064,0,1651593880
1065,0,1651594031
1066,0,1651718115
1067,0,1651861789
1068,0,1654052474
1069,0,1654786990
1070,0,1654796062
1071,0,1656464936
1072,0,1658059036
1073,0,1658060306
1074,0,1658743232
1075,0,1658743979
1076,0,1660802864
1077,0,1661370853
1078,0,1663100532
1079,0,1670966468
1080,0,1678117672
1081,0,1678883772
1082,0,1681203737
1083,0,1681490837
1084,0,1681505659
1085,0,1683523269
1086,0,1684563225
1087,0,1685072128
1088,0,1686513118
1089,0,1687722254
1090,0,1688006455
1091,0,1688642125
1092,0,1688642802
1093,0,1688659339
1094,0,1690054108
1095,0,1690710217
1096,0,1690875683
1097,0,1690875794
1098,0,1693854407
1099,0,1694191737
1100,0,1694192087
1101,0,1694732070
1102,0,1699905960
1103,0,1699932922
1104,0,1703209788
1105,0,1703302044
1106,0,1703571910
1107,0,1706785819
1108,0,1709352686
1109,0,1710324976
1110,0,1711560120
1111,0,1711814747
1112,0,1711863911
1113,0,1718280400
1114,0,1719593808
1115,0,1722900774
1116,0,1729108972
1117,0,1729264522
1118,0,1730068721
1119,0,1732488955
1120,0,1735066730
1121,0,1736589177
1122,0,1736710739
1123,0,1738331379
1124,0,1741320551
1125,0,1743678251
1126,0,1744857039
1127,0,1746488713
1128,0,1749317360
1129,0,1752076593
1130,0,1754236953
1131,0,1755042460
1132,0,1755049303
1133,0,1755145770
1134,0,1756223614
1135,0,1756340414
1136,0,1762401004
1137,0,1762885282
1138,0,1773588349
1139,0,1778636898
1140,0,1779091195
1141,0,1779091716
1142,0,1779092011
1143,0,1779182314
1144,0,1779523102
1145,0,1780260514
1146,0,1783696550
1147,0,1791649778
1148,0,1791725556
1149,0,1795198933
1150,0,1802862642
1151,0,1805764265
1152,0,1808415814
1153,0,1812878585
1154,0,1815158548
1155,0,1818082452
1156,0,1818463682
1157,0,1822962737
1158,0,1825705720
1159,0,1831046673
1160,0,1836211030
1161,0,1839296241
1162,0,1839474089
1163,0,1839872621
1164,0,1843059975
1165,0,1845497300
1166,0,1845841953
1167,0,1845850360
1168,0,1845943283
1169,0,1849317985
1170,0,1849319343
1171,0,1849333363
1172,0,1849389662
1173,0,1849392920
1174,0,1849481019
1175,0,1851286775
1176,0,1859961418
1177,0,1859968545
1178,0,1859969453
1179,0,1862155480
1180,0,1862343261
1181,0,1866515902
1182,0,1868425002
1183,0,1869012291
1184,0,1873286206
1185,0,1876300417
1186,0,1885437249
1187,0,1885441489
1188,0,1885441728
1189,0,1885446129
1190,0,1885446153
1191,0,1888504408
1192,0,1888986905
1193,0,1890719839
1194,0,1891183916
1195,0,1892764408
1196,0,1892812806
1197,0,1892813175
1198,0,1892813369
1199,0,1894352187
1200,0,1894737804
1201,0,1894737914
1202,0,1894762354
1203,0,1895132386
1204,0,1896334736
1205,0,1897390908
1206,0,1898887336
1207,0,1902159211
1208,0,1906184950
1209,0,1911746432
1210,0,1911751376
1211,0,1911773889
1212,0,1912868252
1213,0,1915535886
1214,0,1916974643
1215,0,1923778127
1216,0,1934534593
1217,0,1934715409
1218,0,1941068889
1219,0,1941069167
1220,0,1941070084
1221,0,1944025457
1222,0,1948198524
1223,0,1948972238
1224,0,1953864009
1225,0,1955601193
1226,0,1956672972
1227,0,1956674066
1228,0,1958061880
1229,0,1959400865
1230,0,1959985102
1231,0,1960776111
1232,0,1961800257
1233,0,1973147108
1234,0,1973591582
1235,0,1974240785
1236,0,1974277200
1237,0,1974278934
1238,0,1974385345
1239,0,1980069887
1240,0,1981676853
1241,0,1987148277
1242,0,1987862265
1243,0,1988138908
1244,0,1988506266
1245,0,1988542570
1246,0,1990082479
1247,0,1990127281
1248,0,1992463824
1249,0,1993091166
1250,0,1993097602
1251,0,1993182575
1252,0,1993214214
1253,0,1993481805
1254,0,1993525939
1255,0,1993538704
1256,0,1993793222
1257,0,1993875180
1258,0,1996588255
1259,0,1996588301
1260,0,1996588773
1261,0,1999772507
1262,0,2001169700
1263,0,2004645459
1264,0,2005212082
1265,0,2016974698
1266,0,2022349079
1267,0,2025440261
1268,0,2026567994
1269,0,2026697835
1270,0,2027062281
1271,0,2027474546
1272,0,2027477484
1273,0,2028217280
1274,0,2028876620
1275,0,2029412244
1276,0,2032352272
1277,0,2035280078
1278,0,2035280089
1279,0,2035282695
1280,0,2035441271
1281,0,2036828180
1282,0,2039872863
1283,0,2044563010
1284,0,2045350402
1285,0,2047757573
1286,0,2049897806
1287,0,2050564046
1288,0,2054680164
1289,0,2055293089
1290,0,2057055193
1291,0,2057056002
1292,0,2057057207
1293,0,2057380912
1294,0,2057745640
1295,0,2059552695
1296,0,2065179417
1297,0,2069631669
1298,0,2078386898
1299,0,2079447540
1300,0,2079705017
1301,0,2084825923
1302,0,2084832928
1303,0,2086546151
1304,0,2088707953
1305,0,2088994704
1306,0,2089422709
1307,0,2089423525
1308,0,2089775392
1309,0,2092020156
1310,0,2092353066
1311,0,2095040664
1312,0,2098030459
1313,0,2098413158
1314,0,2099491714
1315,0,2103525966
1316,0,2104521446
1317,0,2105233249
1318,0,2107060666
1319,0,2109530470
1320,0,2110997176
1321,0,2111305085
1322,0,2116348209
1323,0,2119753329
1324,0,2123613174
1325,0,2130199160
1326,0,2131263517
1327,0,2134674668
1328,0,2135274398
1329,0,2137603180
1330,0,2140427915
1331,0,2143388477
1332,0,2144497272
1333,0,2149288063
1334,0,2149461167
1335,0,2150122150
1336,0,2151648517
1337,0,2152915726
1338,0,2153581727
1339,0,2157252476
1340,0,2158004942
1341,0,2159756932
1342,0,2160988412
1343,0,2161845521
1344,0,2166136515
1345,0,2167200511
1346,0,2167444823
1347,0,2176817004
1348,0,2179567381
1349,0,2182201215
1350,0,2182208711
1351,0,2183324569
1352,0,2185376499
1353,0,2185435551
1354,0,2186646687
1355,0,2187710536
1356,0,2187711995
1357,0,2187717365
1358,0,2187717956
1359,0,2187719431
1360,0,2187725873
1361,0,2187725899
1362,0,2189503073
1363,0,2189529083
1364,0,2192198682
1365,0,2196086313
1366,0,2199185590
1367,0,2199306364
1368,0,2201357416
1369,0,2202002502
1370,0,2202002695
1371,0,2203627243
1372,0,2206533177
1373,0,2207319176
1374,0,2207578818
1375,0,2207619176
1376,0,2218677534
1377,0,2218805054
1378,0,2222704221
1379,0,2225545803
1380,0,2225717008
1381,0,2227825344
1382,0,2229524942
1383,0,2231453916
1384,0,2231885404
1385,0,2233430497
1386,0,2236852567
1387,0,2242320005
1388,0,2243687000
1389,0,2244712403
1390,0,2244775647
1391,0,2244775729
1392,0,2244775944
1393,0,2246881202
1394,0,2249964929
1395,0,2252698221
1396,0,2254859273
1397,0,2255845473
1398,0,2261598110
1399,0,2263741357
1400,0,2266585105
1401,0,2267090687
1402,0,2270466468
1403,0,2271783924
1404,0,2273032009
1405,0,2274845656
1406,0,2279504701
1407,0,2280031554
1408,0,2281497661
1409,0,2286224823
1410,0,2289030056
1411,0,2289458912
1412,0,2290735964
1413,0,2299809936
1414,0,2299810569
1415,0,2301619885
1416,0,2303323541
1417,0,2306654855
1418,0,2309052059
1419,0,2311153444
1420,0,2315090980
1421,0,2315106774
1422,0,2317636560
1423,0,2317642842
1424,0,2323222323
1425,0,2323408027
1426,0,2323424442
1427,0,2328209022
1428,0,2328430951
1429,0,2328431316
1430,0,2331830942
1431,0,2337207143
1432,0,2337279809
1433,0,2337796233
1434,0,2337917603
1435,0,2344473505
1436,0,2347138594
1437,0,2350785206
1438,0,2351065086
1439,0,2351070121
1440,0,2353007358
1441,0,2353647620
1442,0,2359027705
1443,0,2361935307
1444,0,2362915561
1445,0,2372440947
1446,0,2372817344
1447,0,2377197009
1448,0,2380955563
1449,0,2380955573
1450,0,2381982632
1451,0,2382821671
1452,0,2383541951
1453,0,2384822424
1454,0,2389055050
1455,0,2389489767
1456,0,2389642003
1457,0,2390992848
1458,0,2392726902
1459,0,2393315690
1460,0,2397984512
1461,0,2399189723
1462,0,2399191195
1463,0,2399191611
1464,0,2399191671
1465,0,2399191745
1466,0,2402925969
1467,0,2405820449
1468,0,2406326794
1469,0,2408858626
1470,0,2410166170
1471,0,2413209314
1472,0,2416078948
1473,0,2416802481
1474,0,2416808336
1475,0,2416808346
1476,0,2416823207
1477,0,2416829928
1478,0,2417232995
1479,0,2420159924
1480,0,2421570175
1481,0,2421579012
1482,0,2422031723
1483,0,2422244993
1484,0,2423047936
1485,0,2423533559
1486,0,2426111457
1487,0,2428632384
1488,0,2429262278
1489,0,2431246196
1490,0,2433926555
1491,0,2435984179
1492,0,2440204917
1493,0,2443797189
1494,0,2444917096
1495,0,2454845950
1496,0,2459745448
1497,0,2459745948
1498,0,2465848012
1499,0,2465947597
1500,0,2468521704
1501,0,2468523773
1502,0,2468575678
1503,0,2468587910
1504,0,2468650055
1505,0,2471957971
1506,0,2471957974
1507,0,2473575991
1508,0,2473614932
1509,0,2473873963
1510,0,2473882746
1511,0,2473882990
1512,0,2473892198
1513,0,2473893270
1514,0,2473913882
1515,0,2473930088
1516,0,2476604362
1517,0,2478903465
1518,0,2485474629
1519,0,2485474768
1520,0,2485480384
1521,0,2485483714
1522,0,2485491096
1523,0,2485491134
1524,0,2485491776
1525,0,2486479209
1526,0,2487257626
1527,0,2487528121
1528,0,2490851920
1529,0,2498060285
1530,0,2511655955
1531,0,2512519500
1532,0,2519073649
1533,0,2519335070
1534,0,2521619049
1535,0,2523937705
1536,0,2530431598
1537,0,2530663945
1538,0,2530741859
1539,0,2530785530
1540,0,2533972535
1541,0,2534673617
1542,0,2538597584
1543,0,2541686573
1544,0,2545781060
1545,0,2550872289
1546,0,2552054338
1547,0,2552054466
1548,0,2552414029
1549,0,2552803067
1550,0,2552916711
1551,0,2554980045
1552,0,2555505769
1553,0,2559159952
1554,0,2560170974
1555,0,2566602966
1556,0,2571798546
1557,0,2578662985
1558,0,2580012621
1559,0,2580832866
1560,0,2581106948
1561,0,2584123480
1562,0,2588008843
1563,0,2593651106
1564,0,2594706500
1565,0,2596637505
1566,0,2599016254
1567,0,2601290190
1568,0,2604762808
1569,0,2604852580
1570,0,2617476311
1571,0,2617481661
1572,0,2620097238
1573,0,2623718353
1574,0,2630260273
1575,0,2631268223
1576,0,2631946885
1577,0,2635815110
1578,0,2637354930
1579,0,2638946846
1580,0,2646843032
1581,0,2650018701
1582,0,2658782405
1583,0,2659080375
1584,0,2660466092
1585,0,2660973584
1586,0,2661062771
1587,0,2662776499
1588,0,2663641344
1589,0,2667059397
1590,0,2667103727
1591,0,2673495951
1592,0,2673500993
1593,0,2673501291
1594,0,2673515358
1595,0,2673529278
1596,0,2673552944
1597,0,2673601374
1598,0,2673617767
1599,0,2673643903
1600,0,2673647805
1601,0,2673650315
1602,0,2673656950
1603,0,2673659028
1604,0,2675679845
1605,0,2683263277
1606,0,2683273328
1607,0,2689105748
1608,0,2695684780
1609,0,2697980027
1610,0,2698750698
1611,0,2700308386
1612,0,2700818869
1613,0,2702851147
1614,0,2705912329
1615,0,2708304466
1616,0,2710175200
1617,0,2711006481
1618,0,2717667156
1619,0,2719451705
1620,0,2721302083
1621,0,2723336131
1622,0,2723410983
1623,0,2728653329
1624,0,2729004429
1625,0,2731741590
1626,0,2733897967
1627,0,2734091187
1628,0,2735201886
1629,0,2735768462
1630,0,2736677017
1631,0,2740310729
1632,0,2742411200
1633,0,2743724117
1634,0,2744613397
1635,0,2754829483
1636,0,2757837330
1637,0,2758021870
1638,0,2758522397
1639,0,2761524632
1640,0,2761535796
1641,0,2761754816
1642,0,2761755033
1643,0,2775459693
1644,0,2776268278
1645,0,2777806639
1646,0,2777927271
1647,0,2779033322
1648,0,2779820814
1649,0,2785430777
1650,0,2786437068
1651,0,2790381800
1652,0,2791783264
1653,0,2791785564
1654,0,2791785574
1655,0,2793509830
1656,0,2797735293
1657,0,2797739706
1658,0,2799430174
1659,0,2800781387
1660,0,2800903434
1661,0,2802396958
1662,0,2802396974
1663,0,2803140315
1664,0,2811509553
1665,0,2811510140
1666,0,2811510295
1667,0,2812492531
1668,0,2815236540
1669,0,2815236591
1670,0,2826829363
1671,0,2831760268
1672,0,2845875282
1673,0,2846770306
1674,0,2846770400
1675,0,2846770557
1676,0,2847796914
1677,0,2849449765
1678,0,2849457730
1679,0,2853062262
1680,0,2855243850
1681,0,2857725625
1682,0,2858245662
1683,0,2859475188
1684,0,2859495635
1685,0,2862353109
1686,0,2863914628
1687,0,2876683474
1688,0,2876683996
1689,0,2876923976
1690,0,2882161091
1691,0,2884026308
1692,0,2888975693
1693,0,2891230241
1694,0,2892839275
1695,0,2901402163
1696,0,2901515836
1697,0,2904799057
1698,0,2907231473
1699,0,2907742159
1700,0,2908907837
1701,0,2913814092
1702,0,2914456377
1703,0,2916812173
1704,0,2916812182
1705,0,2919770469
1706,0,2920596851
1707,0,2928822325
1708,0,2928960322
1709,0,2935920776
1710,0,2938367627
1711,0,2938846922
1712,0,2940016898
1713,0,2945930798
1714,0,2945933438
1715,0,2945942485
1716,0,2949131024
1717,0,2949131957
1718,0,2950373586
1719,0,2953360064
1720,0,2956092831
1721,0,2959221232
1722,0,2959324906
1723,0,2961411727
1724,0,2962306535
1725,0,2965938649
1726,0,2967293996
1727,0,2969631196
1728,0,2971619737
1729,0,2973382602
1730,0,2973888763
1731,0,2973977192
1732,0,2974650218
1733,0,2975196539
1734,0,2976785875
1735,0,2982345454
1736,0,2982769905
1737,0,2983179101
1738,0,2984651574
1739,0,2987557116
1740,0,2988537603
1741,0,2998345553
1742,0,2999238066
1743,0,3000926410
1744,0,3005499242
1745,0,3008165792
1746,0,3008166174
1747,0,3012842670
1748,0,3014840670
1749,0,3017420137
1750,0,3022433538
1751,0,3023120059
1752,0,3025412545
1753,0,3026460772
1754,0,3027021488
1755,0,3027693814
1756,0,3031880077
1757,0,3039718147
1758,0,3040374699
1759,0,3042498247
1760,0,3043606267
1761,0,3043964442
1762,0,3044025095
1763,0,3046952059
1764,0,3055311093
1765,0,3055797496
1766,0,3055842918
1767,0,3062189196
1768,0,3063846617
1769,0,3066562091
1770,0,3068527984
1771,0,3069797403
1772,0,3070855687
1773,0,3071661413
1774,0,3080871887
1775,0,3081423430
1776,0,3082742501
1777,0,3084012906
1778,0,3087682212
1779,0,3091083515
1780,0,3094924731
1781,0,3095037638
1782,0,3095784420
1783,0,3095785401
1784,0,3095785476
1785,0,3095786799
1786,0,3096697600
1787,0,3097816055
1788,0,3101781363
1789,0,3108368243
1790,0,3108368288
1791,0,3109083086
1792,0,3109084763
1793,0,3109896827
1794,0,3109915476
1795,0,3113448885
1796,0,3114056424
1797,0,3114872957
1798,0,3126407008
1799,0,3129171131
1800,0,3129302188
1801,0,3129325129
1802,0,3134715077
1803,0,3135646611
1804,0,3136202928
1805,0,3137019990
1806,0,3137508938
1807,0,3138015665
1808,0,3138562585
1809,0,3140056042
1810,0,3144374060
1811,0,3145827139
1812,0,3145988569
1813,0,3146818980
1814,0,3149822961
1815,0,3149943267
1816,0,3151840431
1817,0,3151938869
1818,0,3152614660
1819,0,3153164808
1820,0,3153450858
1821,0,3158115678
1822,0,3158772102
1823,0,3160410749
1824,0,3160412862
1825,0,3167908997
1826,0,3170968711
1827,0,3171293633
1828,0,3175207001
1829,0,3175720325
1830,0,3178251171
1831,0,3183503172
1832,0,3183505897
1833,0,3183506466
1834,0,3183530623
1835,0,3183531489
1836,0,3186494859
1837,0,3187105252
1838,0,3192523730
1839,0,3193093506
1840,0,3195906087
1841,0,3199824737
1842,0,3201764196
1843,0,3202437445
1844,0,3212447560
1845,0,3215914093
1846,0,3216531375
1847,0,3216841523
1848,0,3219859939
1849,0,3223310288
1850,0,3225562777
1851,0,3226578338
1852,0,3232716725
1853,0,3237563655
1854,0,3240304423
1855,0,3243151322
1856,0,3243503905
1857,0,3247933935
1858,0,3250444799
1859,0,3254995798
1860,0,3266050238
1861,0,3267167016
1862,0,3271839247
1863,0,3272238791
1864,0,3273341771
1865,0,3273934031
1866,0,3274609808
1867,0,3275434312
1868,0,3276050739
1869,0,3279355013
1870,0,3279355189
1871,0,3283712080
1872,0,3287798200
1873,0,3287808389
1874,0,3289266556
1875,0,3292138344
1876,0,3298684812
1877,0,3302345192
1878,0,3302917795
1879,0,3304111555
1880,0,3307321235
1881,0,3307334898
1882,0,3307343601
1883,0,3307351845
1884,0,3308903776
1885,0,3310044482
1886,0,3310058828
1887,0,3310940084
1888,0,3311016416
1889,0,3311989526
1890,0,3312349894
1891,0,3314702279
1892,0,3316612947
1893,0,3317584332
1894,0,3317873368
1895,0,3317885998
1896,0,3318673332
1897,0,3318675191
1898,0,3321617726
1899,0,3330469867
1900,0,3334837295
1901,0,3336808057
1902,0,3344291458
1903,0,3346364329
1904,0,3350218835
1905,0,3351358865
1906,0,3357107373
1907,0,3359850611
1908,0,3360865137
1909,0,3365977419
1910,0,3367079401
1911,0,3367079591
1912,0,3371323879
1913,0,3372516225
1914,0,3377507865
1915,0,3380548320
1916,0,3396538599
1917,0,3398440803
1918,0,3402278978
1919,0,3410903615
1920,0,3412714701
1921,0,3417701059
1922,0,3419618092
1923,0,3421603018
1924,0,3425644722
1925,0,3431204281
1926,0,3433520130
1927,0,3434496145
1928,0,3434645184
1929,0,3436313575
1930,0,3438378683
1931,0,3440586584
1932,0,3440815729
1933,0,3442936587
1934,0,3445862056
1935,0,3452445873
1936,0,3453812266
1937,0,3454917579
1938,0,3455183637
1939,0,3458375716
1940,0,3460289925
1941,0,3462028706
1942,0,3462103433
1943,0,3463520786
1944,0,3464581791
1945,0,3469735318
1946,0,3470774429
1947,0,3471468048
1948,0,3474795935
1949,0,3477491120
1950,0,3477548507
1951,0,3478189090
1952,0,3478378367
1953,0,3483984204
1954,0,3484817842
1955,0,3489363198
1956,0,3492410623
1957,0,3494468261
1958,0,3498087248
1959,0,3501296614
1960,0,3506542101
1961,0,3508833657
1962,0,3511679478
1963,0,3512927654
1964,0,3515665717
1965,0,3517987262
1966,0,3523458677
1967,0,3526664647
1968,0,3529448677
1969,0,3532642879
1970,0,3534750038
1971,0,3535098422
1972,0,3536524122
1973,0,3537038548
1974,0,3537707132
1975,0,3542394038
1976,0,3543019597
1977,0,3543029632
1978,0,3543029765
1979,0,3543029936
1980,0,3543030119
1981,0,3546949451
1982,0,3548132582
1983,0,3549004499
1984,0,3550103717
1985,0,3550247569
1986,0,3550574766
1987,0,3551890463
1988,0,3554388142
1989,0,3566474303
1990,0,3571807351
1991,0,3576444024
1992,0,3576726164
1993,0,3577958112
1994,0,3577965170
1995,0,3577977759
1996,0,3578048299
1997,0,3581478982
1998,0,3581493774
1999,0,3583052805
2000,0,3583052974
2001,0,3583054846
2002,0,3583054910
2003,0,3584628956
2004,0,3599603133
2005,0,3600831692
2006,0,3603523793
2007,0,3610364728
2008,0,3610909786
2009,0,3612228138
2010,0,3612557442
2011,0,3618679477
2012,0,3618895256
2013,0,3627550343
2014,0,3629887403
2015,0,3632411421
2016,0,3632532575
2017,0,3633199199
2018,0,3635236064
2019,0,3637552223
2020,0,3640474132
2021,0,3642101629
2022,0,3646865209
2023,0,3650198456
2024,0,3655609343
2025,0,3655623246
2026,0,3657677836
2027,0,3657678025
2028,0,3658824711
2029,0,3660390314
2030,0,3662835620
2031,0,3663993238
2032,0,3664041102
2033,0,3664377231
2034,0,3668036821
2035,0,3670274300
2036,0,3670443999
2037,0,3671537938
2038,0,3671566232
2039,0,3673554896
2040,0,3674202485
2041,0,3675061987
2042,0,3675149527
2043,0,3676286090
2044,0,3682942948
2045,0,3685081313
2046,0,3686464347
2047,0,3686468334
2048,0,3686469212
2049,0,3686469330
2050,0,3686480187
2051,0,3686480217
2052,0,3686480295
2053,0,3686480615
2054,0,3686480645
2055,0,3686480929
2056,0,3686481031
2057,0,3686481078
2058,0,3686481126
2059,0,3686481218
2060,0,3686481282
2061,0,3686481347
2062,0,3686481746
2063,0,3686481963
2064,0,3686484530
2065,0,3686485107
2066,0,3686486133
2067,0,3686486602
2068,0,3689106427
2069,0,3690130659
2070,0,3691429383
2071,0,3691608489
2072,0,3691852856
2073,0,3694711699
2074,0,3695389556
2075,0,3696888588
2076,0,3697205407
2077,0,3697833498
2078,0,3701456405
2079,0,3708001614
2080,0,3709502011
2081,0,3710076214
2082,0,3712537383
2083,0,3712539360
2084,0,3712948799
2085,0,3719479004
2086,0,3720691744
2087,0,3721866468
2088,0,3721936070
2089,0,3721937169
2090,0,3721937441
2091,0,3728594795
2092,0,3728597762
2093,0,3728603092
2094,0,3734918108
2095,0,3735366948
2096,0,3743413958
2097,0,3745867131
2098,0,3746162004
2099,0,3749192134
2100,0,3752583154
2101,0,3752583824
2102,0,3753462175
2103,0,3755411379
2104,0,3758795271
2105,0,3761589680
2106,0,3767942504
2107,0,3775510047
2108,0,3779953454
2109,0,3784350171
2110,0,3786462526
2111,0,3787810599
2112,0,3787810607
2113,0,3789449582
2114,0,3790934729
2115,0,3791971233
2116,0,3795796584
2117,0,3798637548
2118,0,3799112424
2119,0,3799354496
2120,0,3800479581
2121,0,3801278829
2122,0,3803538083
2123,0,3805696559
2124,0,3808173943
2125,0,3808527544
2126,0,3809585879
2127,0,3809613906
2128,0,3814647248
2129,0,3815152826
2130,0,3816824152
2131,0,3817758629
2132,0,3820280303
2133,0,3824010738
2134,0,3825557133
2135,0,3829692315
2136,0,3830473338
2137,0,3833048093
2138,0,3833048664
2139,0,3833051698
2140,0,3833592150
2141,0,3833745772
2142,0,3839804976
2143,0,3842689121
2144,0,3842695834
2145,0,3842695839
2146,0,3842695844
2147,0,3842695849
2148,0,3842695853
2149,0,3842695857
2150,0,3842695861
2151,0,3843788625
2152,0,3843908953
2153,0,3844182191
2154,0,3846145404
2155,0,3846152499
2156,0,3846155843
2157,0,3846184982
2158,0,3846533712
2159,0,3849116008
2160,0,3849116188
2161,0,3855063565
2162,0,3855907221
2163,0,3856429488
2164,0,3857311142
2165,0,3857747247
2166,0,3861284336
2167,0,3863145918
2168,0,3863146066
2169,0,3863146081
2170,0,3866049489
2171,0,3867504225
2172,0,3869948849
2173,0,3869948886
2174,0,3869992276
2175,0,3870019402
2176,0,3870022126
2177,0,3870025443
2178,0,3870452773
2179,0,3870491852
2180,0,3870515066
2181,0,3872911917
2182,0,3875917883
2183,0,3878868455
2184,0,3880975156
2185,0,3880975358
2186,0,3883454131
2187,0,3883708429
2188,0,3885841208
2189,0,3894917460
2190,0,3896660393
2191,0,3896664014
2192,0,3903906733
2193,0,3903906795
2194,0,3910453917
2195,0,3910942710
2196,0,3910993163
2197,0,3911065138
2198,0,3913802844
2199,0,3913803160
2200,0,3915371533
2201,0,3916048980
2202,0,3917084244
2203,0,3918416985
2204,0,3918842358
2205,0,3923739615
2206,0,3927520387
2207,0,3932145348
2208,0,3932538621
2209,0,3932715695
2210,0,3935055487
2211,0,3938616130
2212,0,3940459818
2213,0,3941981542
2214,0,3945644470
2215,0,3946546422
2216,0,3946994272
2217,0,3952240785
2218,0,3953985194
2219,0,3955023884
2220,0,3955024010
2221,0,3955024957
2222,0,3955230060
2223,0,3957840984
2224,0,3958300648
2225,0,3967799982
2226,0,3968767009
2227,0,3971288831
2228,0,3971471151
2229,0,3973265929
2230,0,3975515095
2231,0,3979080871
2232,0,3985606788
2233,0,3985606812
2234,0,3990444501
2235,0,3992325960
2236,0,3992334532
2237,0,3992334607
2238,0,3994304416
2239,0,3999204446
2240,0,3999841231
2241,0,4003243939
2242,0,4003263511
2243,0,4003893299
2244,0,4005274540
2245,0,4007328734
2246,0,4010582875
2247,0,4012227777
2248,0,4013918495
2249,0,4015037420
2250,0,4016138478
2251,0,4016829442
2252,0,4017935329
2253,0,4018833855
2254,0,4023900300
2255,0,4025071375
2256,0,4027131566
2257,0,4035091113
2258,0,4038593772
2259,0,4046969486
2260,0,4048712195
2261,0,4050464783
2262,0,4056940123
2263,0,4056945637
2264,0,4057429625
2265,0,4057429762
2266,0,4057859756
2267,0,4058030210
2268,0,4058483277
2269,0,4065811084
2270,0,4066681350
2271,0,4070451455
2272,0,4070451460
2273,0,4076974095
2274,0,4079146551
2275,0,4080864821
2276,0,4080864920
2277,0,4081075635
2278,0,4087072280
2279,0,4087072427
2280,0,4088205969
2281,0,4088314668
2282,0,4089038231
2283,0,4090769728
2284,0,4091174955
2285,0,4094935105
2286,0,4095421221
2287,0,4096905323
2288,0,4098099677
2289,0,4100263578
2290,0,4100265849
2291,0,4100969108
2292,0,4102372634
2293,0,4104142946
2294,0,4104142950
2295,0,4106359556
2296,0,4110490030
2297,0,4111564618
2298,0,4112951364
2299,0,4120711337
2300,0,4121559347
2301,0,4124884012
2302,0,4124974622
2303,0,4125548659
2304,0,4126557065
2305,0,4129008738
2306,0,4133158504
2307,0,4135471976
2308,0,4136074121
2309,0,4139338359
2310,0,4139884196
2311,0,4148519663
2312,0,4148906973
2313,0,4150812136
2314,0,4150812307
2315,0,4163667159
2316,0,4164514522
2317,0,4166437765
2318,0,4166655337
2319,0,4166655472
2320,0,4170250975
2321,0,4173698861
2322,0,4176192704
2323,0,4176991959
2324,0,4186742589
2325,0,4186842307
2326,0,4188335132
2327,0,4196038458
2328,0,4197146539
2329,0,4197146898
2330,0,4197147111
2331,0,4198806601
2332,0,4200764448
2333,0,4203574311
2334,0,4204237587
2335,0,4206623343
2336,0,4209314778
2337,0,4218830631
2338,0,4218832340
2339,0,4222179641
2340,0,4225124159
2341,0,4226007421
2342,0,4226232788
2343,0,4228021222
2344,0,4228021481
2345,0,4232601754
2346,0,4234600111
2347,0,4240451180
2348,0,4241368162
2349,0,4266307387
2350,0,4266396953
2351,0,4267736222
2352,0,4273651882
2353,0,4273996625
2354,0,4274780113
2355,0,4282950902
2356,0,4283720360
2357,0,4285742536
2358,0,4287275671
2359,0,4288120188
2360,0,4288933926
2361,0,4290824658
2362,0,4290977207
2363,0,4291083916
2364,0,4293692715
2365,0,4293694637
2366,0,4293702468
2367,0,4293702525
2368,0,4293710313
2369,0,4293715210
2370,0,4294217202
2371,0,4296252238
2372,0,4296253405
2373,0,4297081126
2374,0,4297320385
2375,0,4299244409
2376,0,4299637263
2377,0,4299888408
2378,0,4301688018
2379,0,4303120347
2380,0,4303120431
2381,0,4303120858
2382,0,4303121788
2383,0,4303122096
2384,0,4305091378
2385,0,4309356624
2386,0,4311767899
2387,0,4315782891
2388,0,4315782936
2389,0,4315783531
2390,0,4319287372
2391,0,4320035225
2392,0,4322304604
2393,0,4323497254
2394,0,4324960526
2395,0,4325439155
2396,0,4326979639
2397,0,4327388012
2398,0,4327766700
2399,0,4327766870
2400,0,4327766920
2401,0,4327774037
2402,0,4327774060
2403,0,4327905849
2404,0,4329573332
2405,0,4331952356
2406,0,4343391855
2407,0,4348196047
2408,0,4348428747
2409,0,4348429510
2410,0,4353984073
2411,0,4356035827
2412,0,4358018483
2413,0,4365140663
2414,0,4368617668
2415,0,4370331308
2416,0,4371291463
2417,0,4372688428
2418,0,4373173746
2419,0,4374735747
2420,0,4377667047
2421,0,4377682559
2422,0,4377683137
2423,0,4377683432
2424,0,4377687643
2425,0,4377688667
2426,0,4377699416
2427,0,4377701205
2428,0,4377708596
2429,0,4377712380
2430,0,4377713686
2431,0,4377719389
2432,0,4377794900
2433,0,4380782390
2434,0,4384704735
2435,0,4385602267
2436,0,4387028589
2437,0,4389907575
2438,0,4394177377
2439,0,4394504115
2440,0,4399439099
2441,0,4401283834
2442,0,4402184582
2443,0,4402303136
2444,0,4402626236
2445,0,4402768500
2446,0,4403387076
2447,0,4403387092
2448,0,4403387128
2449,0,4403387174
2450,0,4406547711
2451,0,4409160878
2452,0,4410318554
2453,0,4411100437
2454,0,4412241504
2455,0,4413377892
2456,0,4414135750
2457,0,4416246548
2458,0,4417211783
2459,0,4417212716
2460,0,4417945744
2461,0,4420407572
2462,0,4420955636
2463,0,4421189433
2464,0,4423784770
2465,0,4429754863
2466,0,4431171053
2467,0,4434422909
2468,0,4434934908
2469,0,4435953018
2470,0,4436375711
2471,0,4436512902
2472,0,4440237789
2473,0,4442019806
2474,0,4444945660
2475,0,4445468922
2476,0,4448886513
2477,0,4448886522
2478,0,4451501045
2479,0,4456285319
2480,0,4461478877
2481,0,4461502160
2482,0,4462526185
2483,0,4462526542
2484,0,4463916661
2485,0,4464074817
2486,0,4464468434
2487,0,4465394218
2488,0,4466739328
2489,0,4469821843
2490,0,4470670279
2491,0,4470670593
2492,0,4470670611
2493,0,4483532638
2494,0,4485735201
2495,0,4487203012
2496,0,4487586113
2497,0,4487612494
2498,0,4489209288
2499,0,4489451176
2500,0,4489463339
2501,0,4497932834
2502,0,4500576577
2503,0,4504329156
2504,0,4512912292
2505,0,4513765465
2506,0,4520225420
2507,0,4523667228
2508,0,4525226373
2509,0,4528814755
2510,0,4532012871
2511,0,4532735172
2512,0,4532797067
2513,0,4533503083
2514,0,4534614298
2515,0,4539276433
2516,0,4543502653
2517,0,4545824727
2518,0,4547178913
2519,0,4552241842
2520,0,4553458432
2521,0,4558324978
2522,0,4558382512
2523,0,4558489014
2524,0,4559844547
2525,0,4560898727
2526,0,4561182211
2527,0,4561906056
2528,0,4562193432
2529,0,4562197230
2530,0,4563156600
2531,0,4563646144
2532,0,4564854985
2533,0,4566469512
2534,0,4566470876
2535,0,4566923361
2536,0,4568334849
2537,0,4569289170
2538,0,4569790172
2539,0,4570164076
2540,0,4571777864
2541,0,4572213471
2542,0,4579360732
2543,0,4582385937
2544,0,4584794820
2545,0,4589896943
2546,0,4589897160
2547,0,4590322617
2548,0,4590551914
2549,0,4591550447
2550,0,4592452348
2551,0,4600332866
2552,0,4600496654
2553,0,4610982881
2554,0,4613625510
2555,0,4613636602
2556,0,4613645784
2557,0,4617418984
2558,0,4617436571
2559,0,4622890750
2560,0,4624640521
2561,0,4627031322
2562,0,4629933846
2563,0,4631939887
2564,0,4632748302
2565,0,4633124772
2566,0,4633124859
2567,0,4633124873
2568,0,4633124911
2569,0,4633124927
2570,0,4636255321
2571,0,4638891945
2572,0,4639917884
2573,0,4639917942
2574,0,4639918435
2575,0,4639918527
2576,0,4640867802
2577,0,4643263066
2578,0,4643343540
2579,0,4644810071
2580,0,4645562259
2581,0,4645562297
2582,0,4645595452
2583,0,4645624997
2584,0,4645625011
2585,0,4645649305
2586,0,4645682128
2587,0,4645682137
2588,0,4645998880
2589,0,4646014672
2590,0,4646015132
2591,0,4646016084
2592,0,4646019101
2593,0,4646239483
2594,0,4646962180
2595,0,4647795135
2596,0,4649608789
2597,0,4652452536
2598,0,4653372224
2599,0,4654613081
2600,0,4655187756
2601,0,4660142660
2602,0,4661698037
2603,0,4662262599
2604,0,4666881864
2605,0,4667215201
2606,0,4668853416
2607,0,4671220585
2608,0,4671807754
2609,0,4671894298
2610,0,4673112909
2611,0,4674876947
2612,0,4679696192
2613,0,4679697395
2614,0,4679697407
2615,0,4679700164
2616,0,4682029098
2617,0,4682029257
2618,0,4682029487
2619,0,4682042908
2620,0,4682136035
2621,0,4682179759
2622,0,4683120507
2623,0,4684748854
2624,0,4684846122
2625,0,4686123608
2626,0,4692364648
2627,0,4692967519
2628,0,4694108436
2629,0,4697603599
2630,0,4700762397
2631,0,4701434135
2632,0,4701834084
2633,0,4708706649
2634,0,4709065980
2635,0,4709393924
2636,0,4709580260
2637,0,4711187705
2638,0,4712954077
2639,0,4715316491
2640,0,4715316499
2641,0,4716069685
2642,0,4718817280
2643,0,4719356018
2644,0,4721398829
2645,0,4722960195
2646,0,4723994815
2647,0,4725598455
2648,0,4726612564
2649,0,4727494003
2650,0,4727494015
2651,0,4728975490
2652,0,4730183247
2653,0,4735590103
2654,0,4739813745
2655,0,4740610451
2656,0,4741208170
2657,0,4743542391
2658,0,4746406396
2659,0,4748086047
2660,0,4749785586
2661,0,4749997368
2662,0,4758902142
2663,0,4759891265
2664,0,4760397807
2665,0,4761540403
2666,0,4763619352
2667,0,4765643038
2668,0,4766029167
2669,0,4766029197
2670,0,4767592624
2671,0,4770985688
2672,0,4771599253
2673,0,4771923941
2674,0,4775072814
2675,0,4775127958
2676,0,4775386705
2677,0,4777942769
2678,0,4778039560
2679,0,4779306931
2680,0,4780180675
2681,0,4782260403
2682,0,4782411583
2683,0,4784951405
2684,0,4790972232
2685,0,4792218088
2686,0,4792507337
2687,0,4793606861
2688,0,4796067280
2689,0,4796307855
2690,0,4796708223
2691,0,4797827079
2692,0,4798070986
2693,0,4798370750
2694,0,4798371016
2695,0,4801835653
2696,0,4801835693
2697,0,4803289403
2698,0,4806250422
2699,0,4807399778
2700,0,4814292029
2701,0,4815390103
2702,0,4816193906
2703,0,4817658828
2704,0,4821080925
2705,0,4821189274
2706,0,4827456668
2707,0,4828761809
2708,0,4830753725
2709,0,4831374556
2710,0,4831374670
2711,0,4831375646
2712,0,4831376149
2713,0,4831587121
2714,0,4831718298
2715,0,4834146794
2716,0,4836713879
2717,0,4837063496
2718,0,4837185481
2719,0,4837185485
2720,0,4837185522
2721,0,4837185533
2722,0,4837185540
2723,0,4837185558
2724,0,4837185608
2725,0,4837185616
2726,0,4837185688
2727,0,4840048865
2728,0,4841422398
2729,0,4843429173
2730,0,4844331947
2731,0,4848391906
2732,0,4848996921
2733,0,4849802075
2734,0,4850854459
2735,0,4850854815
2736,0,4851281391
2737,0,4852217735
2738,0,4855915605
2739,0,4857881990
2740,0,4860619072
2741,0,4862249831
2742,0,4863707803
2743,0,4864544002
2744,0,4868083133
2745,0,4868946447
2746,0,4869424998
2747,0,4871494911
2748,0,4872954979
2749,0,4875112195
2750,0,4877489900
2751,0,4879207855
2752,0,4879207870
2753,0,4880117249
2754,0,4880564663
2755,0,4880816910
2756,0,4881692447
2757,0,4882574379
2758,0,4886721602
2759,0,4888059374
2760,0,4889056800
2761,0,4889286987
2762,0,4889833276
2763,0,4889842003
2764,0,4890451337
2765,0,4892329113
2766,0,4893948866
2767,0,4895451827
2768,0,4895809279
2769,0,4899827099
2770,0,4899875945
2771,0,4905563410
2772,0,4905564835
2773,0,4906155007
2774,0,4907193124
2775,0,4907193168
2776,0,4908204433
2777,0,4911064756
2778,0,4918235727
2779,0,4920201987
2780,0,4922441738
2781,0,4924079791
2782,0,4931545430
2783,0,4931548458
2784,0,4932388025
2785,0,4933326136
2786,0,4933973467
2787,0,4941280722
2788,0,4941388473
2789,0,4941419636
2790,0,4942714844
2791,0,4942789326
2792,0,4942789588
2793,0,4942888686
2794,0,4943832862
2795,0,4944570324
2796,0,4945523283
2797,0,4949823133
2798,0,4950701543
2799,0,4950733050
2800,0,4951575899
2801,0,4952412871
2802,0,4953799387
2803,0,4955668682
2804,0,4956200964
2805,0,4956256058
2806,0,4959105611
2807,0,4961667348
2808,0,4963753291
2809,0,4964400562
2810,0,4966162477
2811,0,4968432780
2812,0,4968949037
2813,0,4970381689
2814,0,4970674218
2815,0,4970682439
2816,0,4970683438
2817,0,4970683793
2818,0,4971162205
2819,0,4971166983
2820,0,4974649129
2821,0,4975683867
2822,0,4975686786
2823,0,4975687709
2824,0,4975703157
2825,0,4975703167
2826,0,4975705337
2827,0,4975709718
2828,0,4975713629
2829,0,4979724183
2830,0,4980432315
2831,0,4981593214
2832,0,4997141291
2833,0,4997181451
2834,0,5005466674
2835,0,5009265984
2836,0,5011412310
2837,0,5011422739
2838,0,5012286009
2839,0,5013072796
2840,0,5014078550
2841,0,5017400229
2842,0,5023263965
2843,0,5026113794
2844,0,5028568219
2845,0,5028749749
2846,0,5030634976
2847,0,5033175592
2848,0,5035185627
2849,0,5037272026
2850,0,5038749143
2851,0,5038751696
2852,0,5039141990
2853,0,5039868871
2854,0,5040507930
2855,0,5044678110
2856,0,5046096204
2857,0,5046447774
2858,0,5048324209
2859,0,5048328725
2860,0,5048339428
2861,0,5049285864
2862,0,5050411639
2863,0,5051379041
2864,0,5051418508
2865,0,5052318987
2866,0,5052319139
2867,0,5052874688
2868,0,5054418251
2869,0,5055346632
2870,0,5057575502
2871,0,5061219619
2872,0,5062552775
2873,0,5067787168
2874,0,5069675568
2875,0,5071547064
2876,0,5073626776
2877,0,5074312787
2878,0,5075441884
2879,0,5075443460
2880,0,5076944787
2881,0,5078347125
2882,0,5078349054
2883,0,5081527194
2884,0,5088623714
2885,0,5092135914
2886,0,5094799828
2887,0,5094799834
2888,0,5096627224
2889,0,5096978733
2890,0,5101131578
2891,0,5101579051
2892,0,5101923584
2893,0,5103010682
2894,0,5103729683
2895,0,5103822407
2896,0,5104335617
2897,0,5108671213
2898,0,5108681502
2899,0,5108910528
2900,0,5108932579
2901,0,5112230203
2902,0,5114815468
2903,0,5115557368
2904,0,5119222136
2905,0,5120122419
2906,0,5120700597
2907,0,5121539402
2908,0,5121539618
2909,0,5122413189
2910,0,5122415369
2911,0,5122446291
2912,0,5122606757
2913,0,5124148015
2914,0,5124559160
2915,0,5125532642
2916,0,5129923707
2917,0,5130396519
2918,0,5131270360
2919,0,5134326542
2920,0,5137054748
2921,0,5138149871
2922,0,5142372552
2923,0,5142489190
2924,0,5142845573
2925,0,5143169941
2926,0,5143169981
2927,0,5144504056
2928,0,5147074251
2929,0,5148184553
2930,0,5153107395
2931,0,5155029981
2932,0,5155385210
2933,0,5158194739
2934,0,5159248021
2935,0,5159460882
2936,0,5163311685
2937,0,5164286855
2938,0,5168611436
2939,0,5169421661
2940,0,5172364948
2941,0,5172731739
2942,0,5174003797
2943,0,5179058057
2944,0,5181850056
2945,0,5181882129
2946,0,5181891115
2947,0,5181892065
2948,0,5181913407
2949,0,5185362040
2950,0,5188194390
2951,0,5188610309
2952,0,5195157690
2953,0,5200449763
2954,0,5201037499
2955,0,5203024349
2956,0,5205560877
2957,0,5205718635
2958,0,5208065666
2959,0,5209264710
2960,0,5212358020
2961,0,5213742236
2962,0,5216832390
2963,0,5216885603
2964,0,5217332117
2965,0,5218404955
2966,0,5218639518
2967,0,5221682534
2968,0,5225573499
2969,0,5227259281
2970,0,5228172298
2971,0,5228981811
2972,0,5229878682
2973,0,5232569910
2974,0,5233421411
2975,0,5233964921
2976,0,5234236525
2977,0,5234977126
2978,0,5238165089
2979,0,5239775796
2980,0,5239947716
2981,0,5242645061
2982,0,5244588409
2983,0,5244901356
2984,0,5252650025
2985,0,5253649679
2986,0,5253977194
2987,0,5254633907
2988,0,5255644747
2989,0,5255929420
2990,0,5259138715
2991,0,5259476262
2992,0,5262936089
2993,0,5264377169
2994,0,5264496244
2995,0,5264638758
2996,0,5269857305
2997,0,5271981606
2998,0,5272123697
2999,0,5273778103
3000,0,5273921490
3001,0,5276510759
3002,0,5288814414
3003,0,5291295788
3004,0,5291415761
3005,0,5292916743
3006,0,5296014233
3007,0,5298596885
3008,0,5299631946
3009,0,5299721461
3010,0,5299756970
3011,0,5300692085
3012,0,5303611644
3013,0,5303730138
3014,0,5304516398
3015,0,5305390065
3016,0,5305855062
3017,0,5307276884
3018,0,5311605291
3019,0,5312095939
3020,0,5312293723
3021,0,5314286209
3022,0,5314462895
3023,0,5314772316
3024,0,5316786812
3025,0,5316793231
3026,0,5317421823
3027,0,5318341201
3028,0,5323188930
3029,0,5326886981
3030,0,5338717202
3031,0,5339372958
3032,0,5339593995
3033,0,5341490693
3034,0,5341658658
3035,0,5342993639
3036,0,5345847480
3037,0,5345847677
3038,0,5345847834
3039,0,5345847941
3040,0,5345848129
3041,0,5345849287
3042,0,5345987827
3043,0,5347190751
3044,0,5350490538
3045,0,5354347946
3046,0,5362331791
3047,0,5362332246
3048,0,5363320274
3049,0,5363660973
3050,0,5366002740
3051,0,5366896198
3052,0,5368619905
3053,0,5370339410
3054,0,5371009889
3055,0,5371013380
3056,0,5372436954
3057,0,5372477549
3058,0,5372480319
3059,0,5374125870
3060,0,5377004021
3061,0,5377914679
3062,0,5378171986
3063,0,5378796967
3064,0,5382997940
3065,0,5383105434
3066,0,5384337351
3067,0,5387357408
3068,0,5391581347
3069,0,5391766335
3070,0,5395624293
3071,0,5396113243
3072,0,5398419805
3073,0,5399831659
3074,0,5401194750
3075,0,5401194784
3076,0,5407791794
3077,0,5411059881
3078,0,5411114603
3079,0,5411343060
3080,0,5412348741
3081,0,5413463235
3082,0,5415917009
3083,0,5417059490
3084,0,5418000309
3085,0,5418473397
3086,0,5419753464
3087,0,5424812855
3088,0,5429196862
3089,0,5432716634
3090,0,5439048237
3091,0,5442645308
3092,0,5443480769
3093,0,5444392579
3094,0,5445517157
3095,0,5446681691
3096,0,5448248787
3097,0,5451028166
3098,0,5451876890
3099,0,5451878150
3100,0,5454997861
3101,0,5455415096
3102,0,5455906804
3103,0,5459546487
3104,0,5460289205
3105,0,5460579467
3106,0,5461383760
3107,0,5464858771
3108,0,5464859079
3109,0,5470040217
3110,0,5475066087
3111,0,5477419153
3112,0,5482467530
3113,0,5484007854
3114,0,5485149168
3115,0,5485150455
3116,0,5488631053
3117,0,5490320872
3118,0,5493394941
3119,0,5495201864
3120,0,5496565660
3121,0,5497298533
3122,0,5497441418
3123,0,5498490436
3124,0,5499693358
3125,0,5500103187
3126,0,5500609038
3127,0,5501545951
3128,0,5502853634
3129,0,5504298557
3130,0,5506869640
3131,0,5508735405
3132,0,5508889524
3133,0,5509096294
3134,0,5510173484
3135,0,5516778005
3136,0,5517390567
3137,0,5517714614
3138,0,5520694585
3139,0,5523020379
3140,0,5523314021
3141,0,5528789711
3142,0,5530599499
3143,0,5532533762
3144,0,5536474903
3145,0,5540176001
3146,0,5540820194
3147,0,5541159534
3148,0,5541283995
3149,0,5543571234
3150,0,5549861192
3151,0,5552676558
3152,0,5558701217
3153,0,5560427589
3154,0,5564852873
3155,0,5565363174
3156,0,5566905084
3157,0,5568306355
3158,0,5569058551
3159,0,5572577740
3160,0,5574062251
3161,0,5574064969
3162,0,5577875677
3163,0,5584479212
3164,0,5584480121
3165,0,5587180670
3166,0,5587672877
3167,0,5588265368
3168,0,5591264192
3169,0,5591397376
3170,0,5592376319
3171,0,5596613414
3172,0,5597704101
3173,0,5598986764
3174,0,5599485290
3175,0,5602350812
3176,0,5602352110
3177,0,5602354579
3178,0,5602566529
3179,0,5603773191
3180,0,5607188193
3181,0,5608971643
3182,0,5610856455
3183,0,5615741537
3184,0,5619110120
3185,0,5621381131
3186,0,5625858664
3187,0,5626729785
3188,0,5630597465
3189,0,5630597549
3190,0,5631059361
3191,0,5631355159
3192,0,5632678223
3193,0,5636242074
3194,0,5636252258
3195,0,5637068317
3196,0,5638510687
3197,0,5639799850
3198,0,5643914648
3199,0,5650225843
3200,0,5651315971
3201,0,5651355810
3202,0,5654076762
3203,0,5656663719
3204,0,5662909250
3205,0,5666374835
3206,0,5666382963
3207,0,5666383000
3208,0,5666383928
3209,0,5666384331
3210,0,5668439321
3211,0,5669559740
3212,0,5676120961
3213,0,5681174424
3214,0,5682595097
3215,0,5682595606
3216,0,5682595871
3217,0,5682599823
3218,0,5685916578
3219,0,5687880353
3220,0,5688264893
3221,0,5688265669
3222,0,5691183190
3223,0,5692232106
3224,0,5704116453
3225,0,5707788129
3226,0,5708511198
3227,0,5709065035
3228,0,5709137284
3229,0,5710107560
3230,0,5710111676
3231,0,5712165023
3232,0,5715031217
3233,0,5716387905
3234,0,5720517866
3235,0,5720520862
3236,0,5725973014
3237,0,5728764484
3238,0,5728938730
3239,0,5730941964
3240,0,5731741679
3241,0,5733723076
3242,0,5734086387
3243,0,5735303372
3244,0,5742845189
3245,0,5744108929
3246,0,5744704874
3247,0,5747454846
3248,0,5751643949
3249,0,5752598365
3250,0,5754998790
3251,0,5757048838
3252,0,5757275331
3253,0,5762537308
3254,0,5767170391
3255,0,5767171829
3256,0,5767171836
3257,0,5767172242
3258,0,5769213035
3259,0,5769877547
3260,0,5772326415
3261,0,5774734205
3262,0,5776033474
3263,0,5776289361
3264,0,5780693720
3265,0,5780829139
3266,0,5795279189
3267,0,5796460383
3268,0,5796461216
3269,0,5796462604
3270,0,5796953400
3271,0,5797460849
3272,0,5797569560
3273,0,5797580012
3274,0,5798728533
3275,0,5800557323
3276,0,5801473594
3277,0,5803739136
3278,0,5804866028
3279,0,5804990873
3280,0,5805001554
3281,0,5805002382
3282,0,5805266576
3283,0,5805990224
3284,0,5806293750
3285,0,5809652215
3286,0,5812262929
3287,0,5813208561
3288,0,5813235432
3289,0,5813237034
3290,0,5813305188
3291,0,5819644715
3292,0,5819974359
3293,0,5822806008
3294,0,5823363881
3295,0,5824264398
3296,0,5824302325
3297,0,5824302356
3298,0,5826805166
3299,0,5826828353
3300,0,5830745469
3301,0,5831472145
3302,0,5831615156
3303,0,5832094816
3304,0,5832120891
3305,0,5833074863
3306,0,5833074958
3307,0,5833075007
3308,0,5833075162
3309,0,5841705623
3310,0,5845981857
3311,0,5845981987
3312,0,5846512036
3313,0,5847727290
3314,0,5852338988
3315,0,5852738570
3316,0,5853188604
3317,0,5857830616
3318,0,5858680060
3319,0,5859712636
3320,0,5859987387
3321,0,5861207649
3322,0,5863244419
3323,0,5863503569
3324,0,5863503577
3325,0,5867701015
3326,0,5867701457
3327,0,5868724528
3328,0,5868940818
3329,0,5870896315
3330,0,5870941762
3331,0,5873631074
3332,0,5874039818
3333,0,5874389802
3334,0,5875441027
3335,0,5875892835
3336,0,5877558375
3337,0,5879964956
3338,0,5879988189
3339,0,5881088509
3340,0,5881354612
3341,0,5887361316
3342,0,5893754576
3343,0,5895224602
3344,0,5897478630
3345,0,5902833440
3346,0,5906682466
3347,0,5910328790
3348,0,5910890645
3349,0,5911439384
3350,0,5911890547
3351,0,5914854087
3352,0,5916537134
3353,0,5916806056
3354,0,5917013742
3355,0,5917777671
3356,0,5922490313
3357,0,5923028640
3358,0,5924419599
3359,0,5924984466
3360,0,5924986345
3361,0,5925420896
3362,0,5925965965
3363,0,5929030525
3364,0,5929385657
3365,0,5930432196
3366,0,5931895578
3367,0,5932447621
3368,0,5936008050
3369,0,5940607788
3370,0,5945286754
3371,0,5946299179
3372,0,5947593684
3373,0,5950597917
3374,0,5950597919
3375,0,5951667125
3376,0,5954326498
3377,0,5954333290
3378,0,5954333293
3379,0,5954337476
3380,0,5954423461
3381,0,5956611425
3382,0,5956612752
3383,0,5957336528
3384,0,5959388345
3385,0,5961641191
3386,0,5970929512
3387,0,5971626810
3388,0,5974715506
3389,0,5975969263
3390,0,5975974349
3391,0,5979173540
3392,0,5979416535
3393,0,5980351540
3394,0,5982084596
3395,0,5982647188
3396,0,5983826880
3397,0,5984752158
3398,0,5985353979
3399,0,5985353981
3400,0,5987320392
3401,0,5987320574
3402,0,5987953941
3403,0,5990304897
3404,0,5990306798
3405,0,6001730635
3406,0,6002078254
3407,0,6005333240
3408,0,6005642348
3409,0,6005877138
3410,0,6008738573
3411,0,6009772324
3412,0,6009859442
3413,0,6009915947
3414,0,6010008840
3415,0,6010325526
3416,0,6011170602
3417,0,6012259148
3418,0,6012269659
3419,0,6014800783
3420,0,6016352257
3421,0,6019986704
3422,0,6022164668
3423,0,6022544281
3424,0,6022558450
3425,0,6022865755
3426,0,6023659262
3427,0,6024477623
3428,0,6025914064
3429,0,6028070295
3430,0,6029221826
3431,0,6031746688
3432,0,6038889137
3433,0,6039587384
3434,0,6040170150
3435,0,6040886611
3436,0,6045671023
3437,0,6051516778
3438,0,6051803988
3439,0,6053422763
3440,0,6053422845
3441,0,6059358751
3442,0,6060782422
3443,0,6065486469
3444,0,6065648834
3445,0,6065855299
3446,0,6070298377
3447,0,6070539282
3448,0,6070539321
3449,0,6072549310
3450,0,6072618224
3451,0,6073712163
3452,0,6074546441
3453,0,6075722400
3454,0,6078708859
3455,0,6078960958
3456,0,6078964899
3457,0,6080107645
3458,0,6083063559
3459,0,6087240575
3460,0,6090022844
3461,0,6091459515
3462,0,6093735539
3463,0,6094284098
3464,0,6103111993
3465,0,6103264558
3466,0,6103603857
3467,0,6104087873
3468,0,6104784051
3469,0,6105068393
3470,0,6105324048
3471,0,6105511448
3472,0,6108930486
3473,0,6109803305
3474,0,6109811120
3475,0,6110874849
3476,0,6113003129
3477,0,6114818842
3478,0,6115928347
3479,0,6115928735
3480,0,6115936874
3481,0,6115939402
3482,0,6117163945
3483,0,6118104346
3484,0,6119480574
3485,0,6120057628
3486,0,6121949589
3487,0,6121966879
3488,0,6124825599
3489,0,6124996347
3490,0,6125017182
3491,0,6126790075
3492,0,6126790736
3493,0,6126994189
3494,0,6127545442
3495,0,6130926197
3496,0,6143073455
3497,0,6144339586
3498,0,6145598435
3499,0,6147428594
3500,0,6147992131
3501,0,6148185585
3502,0,6154604140
3503,0,6154604456
3504,0,6154604523
3505,0,6154917648
3506,0,6155572398
3507,0,6157505578
3508,0,6157505607
3509,0,6158353828
3510,0,6158775620
3511,0,6160781875
3512,0,6164063854
3513,0,6166033463
3514,0,6167021309
3515,0,6168714058
3516,0,6170712707
3517,0,6172226398
3518,0,6172753565
3519,0,6172756839
3520,0,6173081851
3521,0,6174934127
3522,0,6176452491
3523,0,6182938481
3524,0,6182950617
3525,0,6183190452
3526,0,6187639805
3527,0,6189264359
3528,0,6190715192
3529,0,6191234140
3530,0,6194752452
3531,0,6194975093
3532,0,6199376347
3533,0,6199518327
3534,0,6199695277
3535,0,6199698538
3536,0,6203206582
3537,0,6209145567
3538,0,6210534806
3539,0,6213628181
3540,0,6216627792
3541,0,6221656819
3542,0,6224406599
3543,0,6224670529
3544,0,6224962606
3545,0,6228135313
3546,0,6228451811
3547,0,6228451829
3548,0,6228459390
3549,0,6238872132
3550,0,6238908142
3551,0,6238910680
3552,0,6247156309
3553,0,6248773127
3554,0,6248963587
3555,0,6248963659
3556,0,6248964256
3557,0,6250170769
3558,0,6251194409
3559,0,6251829736
3560,0,6252470913
3561,0,6252477767
3562,0,6255345747
3563,0,6255640122
3564,0,6258199376
3565,0,6258199410
3566,0,6258487424
3567,0,6259721198
3568,0,6264430261
3569,0,6268482762
3570,0,6271478308
3571,0,6271810316
3572,0,6273516572
3573,0,6274977187
3574,0,6280024662
3575,0,6281752980
3576,0,6282150619
3577,0,6286479777
3578,0,6287577631
3579,0,6289062537
3580,0,6289270713
3581,0,6289275999
3582,0,6289811543
3583,0,6293578011
3584,0,6294109124
3585,0,6295263589
3586,0,6295646445
3587,0,6296853647
3588,0,6297121736
3589,0,6297121759
3590,0,6297675698
3591,0,6297814416
3592,0,6300706050
3593,0,6302848463
3594,0,6304100480
3595,0,6305014977
3596,0,6305279911
3597,0,6307444678
3598,0,6307724751
3599,0,6307852813
3600,0,6308745194
3601,0,6308745323
3602,0,6312596745
3603,0,6313694671
3604,0,6319322259
3605,0,6320246979
3606,0,6320302925
3607,0,6320431619
3608,0,6321499878
3609,0,6324035546
3610,0,6324094759
3611,0,6325352682
3612,0,6325646628
3613,0,6325876973
3614,0,6327586088
3615,0,6329548497
3616,0,6330351239
3617,0,6331348854
3618,0,6333904072
3619,0,6338367123
3620,0,6341526553
3621,0,6343854833
3622,0,6345808425
3623,0,6348388053
3624,0,6350512453
3625,0,6350513499
3626,0,6350513507
3627,0,6350514339
3628,0,6355424415
3629,0,6357053444
3630,0,6357801802
3631,0,6357930867
3632,0,6362606272
3633,0,6363757465
3634,0,6372825226
3635,0,6373641070
3636,0,6373964515
3637,0,6374248662
3638,0,6375147486
3639,0,6377180233
3640,0,6377528404
3641,0,6377699073
3642,0,6378431175
3643,0,6385792326
3644,0,6386399103
3645,0,6389926011
3646,0,6390657654
3647,0,6395767521
3648,0,6396836569
3649,0,6399255793
3650,0,6400187017
3651,0,6400214621
3652,0,6400396447
3653,0,6401186088
3654,0,6401357761
3655,0,6403469046
3656,0,6403626775
3657,0,6404155828
3658,0,6404157247
3659,0,6405587094
3660,0,6406018408
3661,0,6408305189
3662,0,6412779916
3663,0,6412784820
3664,0,6412787165
3665,0,6415181515
3666,0,6416910089
3667,0,6422755172
3668,0,6423542595
3669,0,6425081900
3670,0,6426559948
3671,0,6427254775
3672,0,6427254917
3673,0,6428343513
3674,0,6431783923
3675,0,6434144016
3676,0,6434353273
3677,0,6435451886
3678,0,6438894569
3679,0,6439424212
3680,0,6443954071
3681,0,6444662965
3682,0,6449725972
3683,0,6458872056
3684,0,6459657665
3685,0,6461898022
3686,0,6463695699
3687,0,6464691203
3688,0,6471448748
3689,0,6473006654
3690,0,6473012580
3691,0,6473033963
3692,0,6473045592
3693,0,6473065610
3694,0,6473094005
3695,0,6474971277
3696,0,6475206263
3697,0,6476831066
3698,0,6480185418
3699,0,6480185671
3700,0,6480205763
3701,0,6480206599
3702,0,6481737947
3703,0,6483360814
3704,0,6487927891
3705,0,6489254354
3706,0,6496236378
3707,0,6500019731
3708,0,6500637208
3709,0,6501249766
3710,0,6501785126
3711,0,6503554391
3712,0,6509048811
3713,0,6511646530
3714,0,6513134658
3715,0,6513901114
3716,0,6514106709
3717,0,6521199657
3718,0,6523501164
3719,0,6529291057
3720,0,6530148599
3721,0,6538247604
3722,0,6538362189
3723,0,6538610361
3724,0,6538617518
3725,0,6541003963
3726,0,6542340063
3727,0,6543973906
3728,0,6545112067
3729,0,6546177428
3730,0,6548208779
3731,0,6548209366
3732,0,6549359757
3733,0,6549902490
3734,0,6549909292
3735,0,6550326897
3736,0,6554322754
3737,0,6557396701
3738,0,6565324595
3739,0,6565642830
3740,0,6566002279
3741,0,6566003617
3742,0,6566398177
3743,0,6569082976
3744,0,6573736502
3745,0,6574059083
3746,0,6580725573
3747,0,6581705865
3748,0,6581893544
3749,0,6582843206
3750,0,6586184396
3751,0,6592009013
3752,0,6594943124
3753,0,6597823114
3754,0,6598905950
3755,0,6599686521
3756,0,6599686574
3757,0,6599700457
3758,0,6603518377
3759,0,6603969255
3760,0,6604196946
3761,0,6604759821
3762,0,6609271018
3763,0,6612376932
3764,0,6614915365
3765,0,6616733409
3766,0,6620208253
3767,0,6622471642
3768,0,6623684684
3769,0,6631381321
3770,0,6631382781
3771,0,6631382784
3772,0,6631970442
3773,0,6635757223
3774,0,6642448802
3775,0,6650335127
3776,0,6653992671
3777,0,6656705876
3778,0,6660664677
3779,0,6662716091
3780,0,6663446164
3781,0,6679813623
3782,0,6679849465
3783,0,6681581035
3784,0,6688928561
3785,0,6689257508
3786,0,6694671327
3787,0,6702660042
3788,0,6705801045
3789,0,6705801091
3790,0,6707030565
3791,0,6708506942
3792,0,6709871120
3793,0,6711888584
3794,0,6723652796
3795,0,6723656897
3796,0,6724264854
3797,0,6725213939
3798,0,6725510556
3799,0,6733278660
3800,0,6733283265
3801,0,6736416202
3802,0,6736716679
3803,0,6737007757
3804,0,6739765316
3805,0,6741261271
3806,0,6744235747
3807,0,6747420593
3808,0,6749096208
3809,0,6752487473
3810,0,6755360319
3811,0,6759217347
3812,0,6763925300
3813,0,6765139583
3814,0,6766865783
3815,0,6769423825
3816,0,6771289784
3817,0,6775027465
3818,0,6778264768
3819,0,6781066001
3820,0,6781066083
3821,0,6781085455
3822,0,6781086133
3823,0,6792455342
3824,0,6793809952
3825,0,6794528816
3826,0,6802438726
3827,0,6802869763
3828,0,6803506450
3829,0,6804327099
3830,0,6804916626
3831,0,6811616843
3832,0,6812297193
3833,0,6817222198
3834,0,6817591799
3835,0,6819097858
3836,0,6819424677
3837,0,6820851498
3838,0,6824285788
3839,0,6828247820
3840,0,6828278045
3841,0,6832516064
3842,0,6832516070
3843,0,6832516077
3844,0,6832670386
3845,0,6832890688
3846,0,6837737184
3847,0,6844124456
3848,0,6844248361
